Agents Know Fire,Agents Know Fire
0,0
109,57
173,99
260,132
339,183
432,271
505,348
557,441
587,528
607,572
619,608
621,618
621,621
621,621
621,621
621,621
621,621
621,621
621,621
621,621
621,621
621,621
621,621
621,621
621,621
621,621
621,621
621,621
621,621
621,621
621,621
621,621
621,621
621,621
621,621
621,621
621,621
621,621
621,621
621,621
621,621
621,621
621,621
621,621
621,621
621,621
621,621
621,621
621,621
621,621
621,621
621,621
621,621
621,621
621,621
621,621
621,621
621,621
621,621
621,621
621,621
621,621
621,621
621,621
621,621
621,621
621,621
621,621
621,621
621,621
621,621
621,621
621,621
621,621
621,621
621,621
621,621
621,621
621,621
621,621
621,621
621,621
621,621
621,621
621,621
621,621
621,621
621,621
621,621
621,621
621,621
621,621
621,621
621,621
621,621
621,621
621,621
621,621
621,621
621,621
621,621
621,621
621,621
621,621
621,621
621,621
621,621
621,621
621,621
621,621
621,621
621,621
621,621
621,621
621,621
621,621
621,621
621,621
621,621
621,621
621,621
621,621
621,621
621,621
621,621
621,621
621,621
621,621
621,621
621,621
621,621
621,621
621,621
621,621
621,621
621,621
621,621
621,621
621,621
621,621
621,621
621,621
621,621
621,621
621,621
621,621
621,621
621,621
621,621
621,621
